<?xml version="1.0" encoding="UTF-8"?>
<c3p0-config>
	<default-config>
		<property name="driverClass">com.mysql.jdbc.Driver</property>
		<property name="jdbcUrl">jdbc:mysql://localhost:3306/jdbc</property>
		<property name="user">root</property>
		<property name="password">asd13579</property>
	</default-config>
	<named-config name="test">
		<property name="driverClass">com.mysql.jdbc.Driver</property>
		<property name="jdbcUrl">jdbc:mysql://localhost:3306/jdbc</property>
		<property name="user">root</property>
		<property name="password">asd13579</property>
	</named-config>
</c3p0-config>